Sample	Name	Details	Heteroplasmy	Barcode	Sequence	Sample name
1	12H	Clone 12 High Glucose DMEM	33.50%	A7	CGAATACG-TTACCGAC	12H
2	12L	Clone 12 Low Glucose DMEM	33.50%	B7	GTCCTTGA-TCGTCTGA	12L
3	12G	Clone 12 Galactose	33.50%	C7	CAGTGCTT-TTCCAGGT	12G
4	17H	Clone 17 High Glucose DMEM	27%	D7	TCCATTGC-TACGGTCT	17H
5	17L	Clone 17 Low Glucose DMEM	27%	E7	GTCGATTG-AAGACCGT	17L
6	17G	Clone 17 Galactose	27%	F7	ATAACGCC-CAGGTTCA	17G
7	26H	Clone 26 High Glucose DMEM	89%	G7	GCCTTAAC-TAGGAGCT	26H
8	26L	Clone 26 Low Glucose DMEM	89%	H7	GGTATAGG-TACTCCAG	26L
9	26G	Clone 26 Galactose	89%	A8	TCTAGGAG-AGTGACCT	26G
10	33H	Clone 33 High Glucose DMEM	21%	B8	TGCGTAAC-AGCCTATC	33H
11	33L	Clone 33 Low Glucose DMEM	21%	C8	CTTGCTAG-TCATCTCC	33L
12	33G	Clone 33 Galactose	21%	D8	AGCGAGAT-CCAGTATC	33G
13	44H	Clone 44 High Glucose DMEM	90%	E8	TATGGCAC-TTGCGAGA	44H
14	44L	Clone 44 Low Glucose DMEM	90%	F8	GAATCACC-GAACGAAG	44L
15	44G	Clone 44 Galactose	90%	G8	GTAAGGTG-CGAATTGC	44G
16	48H	Clone 48 High Glucose DMEM	29.50%	H8	CGAGAGAA-GGAAGAGA	48H
17	48L	Clone 48 Low Glucose DMEM	29.50%	A9	CGCAACTA-TCGGATTC	48L
18	48G	Clone 48 Galactose	29.50%	B9	CACAGACT-CTGTACCA	48G
19	59H	Clone 59 High Glucose DMEM	88%	C9	TGGAAGCA-GAGAGTAC	59H
20	59L	Clone 59 Low Glucose DMEM	88%	D9	CAATAGCC-TCTACGCA	59L
21	59G	Clone 59 Galactose	88%	E9	CTCGAACA-GCAATTCC	59G
22	62H	Clone 62 High Glucose DMEM	87.50%	F9	GGCAAGTT-CTCAGAAG	62H
23	62L	Clone 62 Low Glucose DMEM	87.50%	G9	AGCTACCA-GTCCTAAG	62L
24	62G	Clone 62 Galactose	87.50%	H9	CAGCATAC-GCGTTAGA	62G
25	83H	Clone 83 High Glucose DMEM	90%	A10	CGTATCTC-CAAGGTAC	83H
26	83L	Clone 83 Low Glucose DMEM	90%	B10	TTACGTGC-AGACCTTG	83L
27	83G	Clone 83 Galactose	90%	C10	AGCTAAGC-GTCGTTAC	83G
28	101H	Clone 101 High Glucose DMEM	19%	D10	AAGACACC-GTAACCGA	101H
29	101L	Clone 101 Low Glucose DMEM	19%	E10	CAACTCCA-GAATCCGT	101L
30	101G	Clone 101 Galactose	19%	F10	GATCTTGC-CATGAGCA	101G
31	109H	Clone 109 High Glucose DMEM	29%	G10	CTTCACTG-CTTAGGAC	109H
32	109L	Clone 109 Low Glucose DMEM	29%	H10	CTCGACTT-ATCTGACC	109L
33	109G	Clone 109 Galactose	29%	A11	GTACACCT-TCCTCATG	109G
34	114H	Clone 114 High Glucose DMEM	88%	B11	CCAAGGTT-AGGATAGC	114H
35	114L	Clone 114 Low Glucose DMEM	88%	C11	GAACGGTT-GGAGGAAT	114L
36	114G	Clone 114 Galactose	88%	D11	CCAGTTGA-GACGTCAT	114G
